time,latitude,longitude,temperature_2m,pressure_msl,wind_speed_100m,wind_direction_100m,air_density_kg_m3
2024-08-01 00:00:00+00:00,40.0,-4.0,25.58,1011.6,5.62,260,1.18
2024-08-01 01:00:00+00:00,40.0,-4.0,27.99,1011.4,6.25,262,1.17
2024-08-01 02:00:00+00:00,40.0,-4.0,27.15,1012.2,5.59,215,1.174
2024-08-01 03:00:00+00:00,40.0,-4.0,27.91,1012.8,7.23,262,1.172
2024-08-01 04:00:00+00:00,40.0,-4.0,28.93,1012.6,8.48,259,1.168
2024-08-01 05:00:00+00:00,40.0,-4.0,30.35,1012.8,2.72,225,1.163
2024-08-01 06:00:00+00:00,40.0,-4.0,32.23,1012.7,7.42,236,1.155
2024-08-01 07:00:00+00:00,40.0,-4.0,32.47,1013.7,6.1,228,1.156
2024-08-01 08:00:00+00:00,40.0,-4.0,35.68,1013.7,3.25,245,1.143
2024-08-01 09:00:00+00:00,40.0,-4.0,34.58,1012.9,6.99,286,1.147
2024-08-01 10:00:00+00:00,40.0,-4.0,35.1,1014.6,6.13,218,1.147
2024-08-01 11:00:00+00:00,40.0,-4.0,36.12,1014.8,6.56,212,1.143
2024-08-01 12:00:00+00:00,40.0,-4.0,35.68,1014.9,3.72,264,1.145
2024-08-01 13:00:00+00:00,40.0,-4.0,33.34,1014.1,8.76,243,1.153
2024-08-01 14:00:00+00:00,40.0,-4.0,32.8,1014.2,5.57,194,1.155
2024-08-01 15:00:00+00:00,40.0,-4.0,31.96,1013.3,4.79,215,1.157
2024-08-01 16:00:00+00:00,40.0,-4.0,29.83,1015.4,7.57,218,1.168
2024-08-01 17:00:00+00:00,40.0,-4.0,27.11,1012.6,6.32,222,1.175
2024-08-01 18:00:00+00:00,40.0,-4.0,28.09,1014.4,6.71,244,1.173
2024-08-01 19:00:00+00:00,40.0,-4.0,27.27,1014.5,7.39,259,1.176
2024-08-01 20:00:00+00:00,40.0,-4.0,26.04,1015.8,2.78,228,1.183
2024-08-01 21:00:00+00:00,40.0,-4.0,24.34,1014.9,8.66,233,1.188
2024-08-01 22:00:00+00:00,40.0,-4.0,24.82,1014.0,5.92,208,1.186
2024-08-01 23:00:00+00:00,40.0,-4.0,24.64,1013.6,7.15,250,1.186
2024-08-02 00:00:00+00:00,40.0,-4.0,25.4,1014.3,8.35,255,1.184
2024-08-02 01:00:00+00:00,40.0,-4.0,27.63,1015.1,6.1,213,1.176
2024-08-02 02:00:00+00:00,40.0,-4.0,28.88,1015.0,7.78,198,1.171
2024-08-02 03:00:00+00:00,40.0,-4.0,29.31,1014.7,8.51,266,1.169
2024-08-02 04:00:00+00:00,40.0,-4.0,30.49,1014.2,7.28,235,1.164
2024-08-02 05:00:00+00:00,40.0,-4.0,31.9,1014.6,7.97,187,1.159
2024-08-02 06:00:00+00:00,40.0,-4.0,32.49,1015.8,4.63,166,1.158
2024-08-02 07:00:00+00:00,40.0,-4.0,33.47,1013.6,4.98,199,1.152
2024-08-02 08:00:00+00:00,40.0,-4.0,33.72,1014.6,4.72,235,1.152
2024-08-02 09:00:00+00:00,40.0,-4.0,34.78,1016.1,6.63,190,1.15
2024-08-02 10:00:00+00:00,40.0,-4.0,37.03,1014.9,11.29,197,1.14
2024-08-02 11:00:00+00:00,40.0,-4.0,35.61,1013.8,5.67,190,1.144
2024-08-02 12:00:00+00:00,40.0,-4.0,34.02,1014.8,4.68,218,1.151
2024-08-02 13:00:00+00:00,40.0,-4.0,33.11,1013.2,4.47,237,1.153
2024-08-02 14:00:00+00:00,40.0,-4.0,31.72,1013.8,5.76,171,1.158
2024-08-02 15:00:00+00:00,40.0,-4.0,31.63,1015.2,5.15,196,1.16
2024-08-02 16:00:00+00:00,40.0,-4.0,30.35,1015.4,2.24,200,1.166
2024-08-02 17:00:00+00:00,40.0,-4.0,27.41,1011.6,5.44,191,1.173
2024-08-02 18:00:00+00:00,40.0,-4.0,27.94,1013.8,3.92,178,1.173
2024-08-02 19:00:00+00:00,40.0,-4.0,25.95,1014.9,5.31,230,1.182
2024-08-02 20:00:00+00:00,40.0,-4.0,26.95,1012.2,1.26,216,1.175
2024-08-02 21:00:00+00:00,40.0,-4.0,25.31,1012.8,2.15,232,1.182
2024-08-02 22:00:00+00:00,40.0,-4.0,26.55,1013.9,5.63,255,1.179
2024-08-02 23:00:00+00:00,40.0,-4.0,24.76,1011.7,2.29,210,1.183
2024-08-03 00:00:00+00:00,40.0,-4.0,25.41,1012.5,5.82,236,1.181
2024-08-03 01:00:00+00:00,40.0,-4.0,26.73,1011.7,5.95,215,1.175
2024-08-03 02:00:00+00:00,40.0,-4.0,28.45,1009.7,5.82,225,1.166
2024-08-03 03:00:00+00:00,40.0,-4.0,29.22,1011.8,6.23,238,1.166
2024-08-03 04:00:00+00:00,40.0,-4.0,28.89,1011.0,6.11,228,1.166
2024-08-03 05:00:00+00:00,40.0,-4.0,31.46,1012.0,6.33,197,1.157
2024-08-03 06:00:00+00:00,40.0,-4.0,32.52,1012.9,4.93,274,1.154
2024-08-03 07:00:00+00:00,40.0,-4.0,33.15,1011.4,5.32,242,1.15
2024-08-03 08:00:00+00:00,40.0,-4.0,33.75,1010.1,9.51,211,1.147
2024-08-03 09:00:00+00:00,40.0,-4.0,36.4,1010.8,6.55,185,1.138
2024-08-03 10:00:00+00:00,40.0,-4.0,34.65,1010.4,5.48,241,1.144
2024-08-03 11:00:00+00:00,40.0,-4.0,34.07,1011.0,4.87,258,1.146
2024-08-03 12:00:00+00:00,40.0,-4.0,34.9,1008.4,2.94,267,1.14
2024-08-03 13:00:00+00:00,40.0,-4.0,33.65,1008.6,4.17,270,1.145
2024-08-03 14:00:00+00:00,40.0,-4.0,32.43,1007.6,3.32,232,1.149
2024-08-03 15:00:00+00:00,40.0,-4.0,32.0,1010.1,5.05,257,1.153
2024-08-03 16:00:00+00:00,40.0,-4.0,30.44,1009.4,2.28,201,1.158
2024-08-03 17:00:00+00:00,40.0,-4.0,29.03,1008.7,0.22,242,1.163
2024-08-03 18:00:00+00:00,40.0,-4.0,28.37,1008.5,3.12,259,1.165
2024-08-03 19:00:00+00:00,40.0,-4.0,26.72,1008.6,5.27,219,1.172
2024-08-03 20:00:00+00:00,40.0,-4.0,25.11,1008.2,8.25,228,1.178
2024-08-03 21:00:00+00:00,40.0,-4.0,24.84,1008.7,6.47,233,1.179
2024-08-03 22:00:00+00:00,40.0,-4.0,24.53,1008.5,3.86,231,1.18
2024-08-03 23:00:00+00:00,40.0,-4.0,25.36,1010.4,5.39,262,1.179
2024-08-04 00:00:00+00:00,40.0,-4.0,24.7,1009.3,4.67,195,1.18
2024-08-04 01:00:00+00:00,40.0,-4.0,24.82,1008.2,6.16,253,1.179
2024-08-04 02:00:00+00:00,40.0,-4.0,27.58,1008.4,5.37,186,1.168
2024-08-04 03:00:00+00:00,40.0,-4.0,27.5,1010.3,4.45,198,1.171
2024-08-04 04:00:00+00:00,40.0,-4.0,28.24,1009.6,7.71,193,1.167
2024-08-04 05:00:00+00:00,40.0,-4.0,31.63,1009.5,7.38,208,1.154
2024-08-04 06:00:00+00:00,40.0,-4.0,31.86,1009.9,6.78,196,1.153
2024-08-04 07:00:00+00:00,40.0,-4.0,33.98,1010.9,7.44,218,1.147
2024-08-04 08:00:00+00:00,40.0,-4.0,33.85,1008.2,9.79,205,1.144
2024-08-04 09:00:00+00:00,40.0,-4.0,33.82,1008.8,6.69,259,1.145
2024-08-04 10:00:00+00:00,40.0,-4.0,33.88,1007.9,5.7,213,1.144
2024-08-04 11:00:00+00:00,40.0,-4.0,34.37,1010.2,7.31,196,1.144
2024-08-04 12:00:00+00:00,40.0,-4.0,34.08,1009.5,3.3,212,1.145
2024-08-04 13:00:00+00:00,40.0,-4.0,32.79,1009.4,6.69,217,1.149
2024-08-04 14:00:00+00:00,40.0,-4.0,32.25,1009.4,4.24,198,1.151
2024-08-04 15:00:00+00:00,40.0,-4.0,29.91,1011.0,4.08,176,1.162
2024-08-04 16:00:00+00:00,40.0,-4.0,30.01,1010.4,5.45,185,1.161
2024-08-04 17:00:00+00:00,40.0,-4.0,27.09,1010.1,7.85,211,1.172
2024-08-04 18:00:00+00:00,40.0,-4.0,27.33,1012.1,4.34,229,1.173
2024-08-04 19:00:00+00:00,40.0,-4.0,27.09,1010.0,7.08,222,1.172
2024-08-04 20:00:00+00:00,40.0,-4.0,26.65,1010.0,6.45,210,1.174
2024-08-04 21:00:00+00:00,40.0,-4.0,26.71,1014.0,4.07,229,1.178
2024-08-04 22:00:00+00:00,40.0,-4.0,23.6,1011.2,7.81,205,1.187
2024-08-04 23:00:00+00:00,40.0,-4.0,25.85,1011.3,5.48,226,1.178
2024-08-05 00:00:00+00:00,40.0,-4.0,26.76,1011.3,4.76,258,1.175
2024-08-05 01:00:00+00:00,40.0,-4.0,27.35,1012.1,5.98,253,1.173
2024-08-05 02:00:00+00:00,40.0,-4.0,26.66,1013.2,6.21,261,1.177
2024-08-05 03:00:00+00:00,40.0,-4.0,29.08,1013.3,8.25,221,1.168
2024-08-05 04:00:00+00:00,40.0,-4.0,31.67,1013.3,6.24,237,1.158
2024-08-05 05:00:00+00:00,40.0,-4.0,29.95,1012.7,9.47,209,1.164
2024-08-05 06:00:00+00:00,40.0,-4.0,32.93,1011.7,7.37,259,1.151
2024-08-05 07:00:00+00:00,40.0,-4.0,34.54,1013.6,5.69,227,1.148
2024-08-05 08:00:00+00:00,40.0,-4.0,33.7,1015.0,5.19,207,1.152
2024-08-05 09:00:00+00:00,40.0,-4.0,35.35,1014.7,6.41,228,1.146
2024-08-05 10:00:00+00:00,40.0,-4.0,34.04,1013.7,2.63,248,1.15
2024-08-05 11:00:00+00:00,40.0,-4.0,34.1,1014.8,2.01,187,1.151
2024-08-05 12:00:00+00:00,40.0,-4.0,33.59,1013.7,3.57,207,1.151
2024-08-05 13:00:00+00:00,40.0,-4.0,33.71,1014.2,5.51,267,1.151
2024-08-05 14:00:00+00:00,40.0,-4.0,32.42,1013.1,4.56,244,1.155
2024-08-05 15:00:00+00:00,40.0,-4.0,32.15,1014.2,4.11,239,1.157
2024-08-05 16:00:00+00:00,40.0,-4.0,29.15,1014.7,3.64,199,1.169
2024-08-05 17:00:00+00:00,40.0,-4.0,28.59,1014.5,0.65,278,1.171
2024-08-05 18:00:00+00:00,40.0,-4.0,28.36,1015.5,3.47,262,1.173
2024-08-05 19:00:00+00:00,40.0,-4.0,26.97,1016.7,1.42,252,1.18
2024-08-05 20:00:00+00:00,40.0,-4.0,24.48,1016.2,5.51,204,1.189
2024-08-05 21:00:00+00:00,40.0,-4.0,25.77,1014.6,4.47,244,1.182
2024-08-05 22:00:00+00:00,40.0,-4.0,24.57,1014.2,4.6,256,1.187
2024-08-05 23:00:00+00:00,40.0,-4.0,25.52,1014.3,5.59,217,1.183
2024-08-06 00:00:00+00:00,40.0,-4.0,25.94,1014.0,5.72,216,1.181
2024-08-06 01:00:00+00:00,40.0,-4.0,27.56,1015.0,5.79,208,1.176
2024-08-06 02:00:00+00:00,40.0,-4.0,27.6,1015.4,6.12,232,1.176
2024-08-06 03:00:00+00:00,40.0,-4.0,27.04,1015.1,4.81,209,1.178
2024-08-06 04:00:00+00:00,40.0,-4.0,28.77,1015.1,3.71,204,1.171
2024-08-06 05:00:00+00:00,40.0,-4.0,31.95,1015.0,6.18,174,1.159
2024-08-06 06:00:00+00:00,40.0,-4.0,32.27,1014.6,7.71,166,1.157
2024-08-06 07:00:00+00:00,40.0,-4.0,34.56,1013.9,6.87,230,1.148
2024-08-06 08:00:00+00:00,40.0,-4.0,34.58,1016.3,4.79,244,1.151
2024-08-06 09:00:00+00:00,40.0,-4.0,34.16,1015.5,5.76,225,1.151
2024-08-06 10:00:00+00:00,40.0,-4.0,35.97,1013.5,3.9,238,1.142
2024-08-06 11:00:00+00:00,40.0,-4.0,34.1,1013.4,4.86,189,1.149
2024-08-06 12:00:00+00:00,40.0,-4.0,32.48,1013.5,3.12,201,1.155
2024-08-06 13:00:00+00:00,40.0,-4.0,35.39,1014.0,4.04,212,1.145
2024-08-06 14:00:00+00:00,40.0,-4.0,30.78,1015.1,6.7,199,1.164
2024-08-06 15:00:00+00:00,40.0,-4.0,31.87,1014.7,4.79,245,1.159
2024-08-06 16:00:00+00:00,40.0,-4.0,30.84,1014.6,5.91,172,1.163
2024-08-06 17:00:00+00:00,40.0,-4.0,28.84,1014.4,2.61,192,1.17
2024-08-06 18:00:00+00:00,40.0,-4.0,25.98,1014.3,2.93,199,1.181
2024-08-06 19:00:00+00:00,40.0,-4.0,27.38,1013.7,4.17,192,1.175
2024-08-06 20:00:00+00:00,40.0,-4.0,24.37,1013.2,5.39,233,1.186
2024-08-06 21:00:00+00:00,40.0,-4.0,23.96,1012.5,4.62,164,1.187
2024-08-06 22:00:00+00:00,40.0,-4.0,24.67,1010.6,6.85,245,1.182
2024-08-06 23:00:00+00:00,40.0,-4.0,25.88,1012.1,4.9,242,1.179
2024-08-07 00:00:00+00:00,40.0,-4.0,25.94,1013.8,8.14,230,1.181
2024-08-07 01:00:00+00:00,40.0,-4.0,27.19,1011.3,7.89,260,1.173
2024-08-07 02:00:00+00:00,40.0,-4.0,27.1,1011.0,5.04,286,1.173
2024-08-07 03:00:00+00:00,40.0,-4.0,28.55,1012.4,7.79,234,1.169
2024-08-07 04:00:00+00:00,40.0,-4.0,28.98,1011.3,6.71,250,1.166
2024-08-07 05:00:00+00:00,40.0,-4.0,31.01,1010.6,8.61,244,1.157
2024-08-07 06:00:00+00:00,40.0,-4.0,33.03,1012.4,6.23,249,1.152
2024-08-07 07:00:00+00:00,40.0,-4.0,33.27,1011.3,7.39,225,1.15
2024-08-07 08:00:00+00:00,40.0,-4.0,34.76,1011.3,7.56,222,1.144
2024-08-07 09:00:00+00:00,40.0,-4.0,34.31,1009.8,2.39,256,1.144
2024-08-07 10:00:00+00:00,40.0,-4.0,34.47,1010.7,3.45,229,1.145
2024-08-07 11:00:00+00:00,40.0,-4.0,34.86,1010.4,6.2,265,1.143
2024-08-07 12:00:00+00:00,40.0,-4.0,34.15,1010.7,5.58,262,1.146
2024-08-07 13:00:00+00:00,40.0,-4.0,34.07,1010.9,7.08,231,1.146
2024-08-07 14:00:00+00:00,40.0,-4.0,32.66,1010.7,5.74,251,1.151
2024-08-07 15:00:00+00:00,40.0,-4.0,32.86,1009.7,3.4,243,1.149
2024-08-07 16:00:00+00:00,40.0,-4.0,29.8,1010.1,5.78,236,1.162
2024-08-07 17:00:00+00:00,40.0,-4.0,28.5,1008.2,4.21,267,1.164
2024-08-07 18:00:00+00:00,40.0,-4.0,26.56,1009.9,5.12,238,1.174
2024-08-07 19:00:00+00:00,40.0,-4.0,26.48,1009.8,4.88,240,1.174
2024-08-07 20:00:00+00:00,40.0,-4.0,26.28,1008.7,6.41,184,1.174
2024-08-07 21:00:00+00:00,40.0,-4.0,24.5,1008.3,4.02,245,1.18
2024-08-07 22:00:00+00:00,40.0,-4.0,24.96,1009.0,4.76,192,1.179
2024-08-07 23:00:00+00:00,40.0,-4.0,25.82,1007.8,3.38,215,1.174
2024-08-08 00:00:00+00:00,40.0,-4.0,25.56,1009.3,10.18,263,1.177
2024-08-08 01:00:00+00:00,40.0,-4.0,26.0,1009.3,5.67,264,1.175
2024-08-08 02:00:00+00:00,40.0,-4.0,28.38,1008.1,6.01,208,1.165
2024-08-08 03:00:00+00:00,40.0,-4.0,28.79,1009.1,5.63,183,1.164
2024-08-08 04:00:00+00:00,40.0,-4.0,30.36,1010.2,6.38,223,1.16
2024-08-08 05:00:00+00:00,40.0,-4.0,32.35,1010.2,6.57,200,1.152
2024-08-08 06:00:00+00:00,40.0,-4.0,33.53,1010.2,7.96,217,1.148
2024-08-08 07:00:00+00:00,40.0,-4.0,33.22,1009.2,7.04,173,1.148
2024-08-08 08:00:00+00:00,40.0,-4.0,33.86,1009.1,6.93,233,1.145
2024-08-08 09:00:00+00:00,40.0,-4.0,35.09,1009.1,5.18,243,1.14
2024-08-08 10:00:00+00:00,40.0,-4.0,34.88,1010.2,5.56,167,1.143
2024-08-08 11:00:00+00:00,40.0,-4.0,33.12,1012.1,7.1,183,1.151
2024-08-08 12:00:00+00:00,40.0,-4.0,35.48,1011.3,4.87,185,1.142
2024-08-08 13:00:00+00:00,40.0,-4.0,33.55,1011.6,5.02,221,1.149
2024-08-08 14:00:00+00:00,40.0,-4.0,33.16,1011.5,1.24,154,1.15
2024-08-08 15:00:00+00:00,40.0,-4.0,30.24,1008.7,4.86,209,1.158
2024-08-08 16:00:00+00:00,40.0,-4.0,31.16,1010.3,4.34,200,1.157
2024-08-08 17:00:00+00:00,40.0,-4.0,28.18,1010.2,5.85,187,1.168
2024-08-08 18:00:00+00:00,40.0,-4.0,27.4,1012.1,0.0,226,1.173
2024-08-08 19:00:00+00:00,40.0,-4.0,25.2,1012.7,4.11,162,1.182
2024-08-08 20:00:00+00:00,40.0,-4.0,25.52,1010.6,4.06,178,1.179
2024-08-08 21:00:00+00:00,40.0,-4.0,24.96,1011.5,4.6,195,1.182
2024-08-08 22:00:00+00:00,40.0,-4.0,24.83,1012.2,3.78,235,1.183
2024-08-08 23:00:00+00:00,40.0,-4.0,25.57,1011.3,5.29,211,1.179
2024-08-09 00:00:00+00:00,40.0,-4.0,25.72,1011.4,6.27,202,1.179
2024-08-09 01:00:00+00:00,40.0,-4.0,27.34,1011.5,5.49,237,1.173
2024-08-09 02:00:00+00:00,40.0,-4.0,27.08,1013.3,5.14,216,1.176
2024-08-09 03:00:00+00:00,40.0,-4.0,27.81,1011.7,5.35,214,1.171
2024-08-09 04:00:00+00:00,40.0,-4.0,29.98,1013.9,5.11,225,1.165
2024-08-09 05:00:00+00:00,40.0,-4.0,31.86,1013.1,5.7,243,1.157
2024-08-09 06:00:00+00:00,40.0,-4.0,33.62,1013.9,4.44,304,1.151
2024-08-09 07:00:00+00:00,40.0,-4.0,34.27,1014.9,2.34,211,1.15
2024-08-09 08:00:00+00:00,40.0,-4.0,32.74,1012.8,7.12,247,1.153
2024-08-09 09:00:00+00:00,40.0,-4.0,35.17,1012.9,2.18,237,1.144
2024-08-09 10:00:00+00:00,40.0,-4.0,36.31,1014.3,4.35,236,1.142
2024-08-09 11:00:00+00:00,40.0,-4.0,34.89,1012.9,2.29,281,1.146
2024-08-09 12:00:00+00:00,40.0,-4.0,33.87,1013.4,3.57,262,1.15
2024-08-09 13:00:00+00:00,40.0,-4.0,33.81,1014.1,2.35,260,1.151
2024-08-09 14:00:00+00:00,40.0,-4.0,32.05,1014.5,3.59,231,1.158
2024-08-09 15:00:00+00:00,40.0,-4.0,31.87,1013.3,2.33,220,1.157
2024-08-09 16:00:00+00:00,40.0,-4.0,29.99,1014.2,1.67,248,1.166
2024-08-09 17:00:00+00:00,40.0,-4.0,29.96,1015.3,4.19,232,1.167
2024-08-09 18:00:00+00:00,40.0,-4.0,27.95,1016.1,5.92,223,1.176
2024-08-09 19:00:00+00:00,40.0,-4.0,25.81,1012.9,4.7,252,1.18
2024-08-09 20:00:00+00:00,40.0,-4.0,26.21,1016.2,4.67,203,1.183
2024-08-09 21:00:00+00:00,40.0,-4.0,26.01,1015.8,3.3,213,1.183
2024-08-09 22:00:00+00:00,40.0,-4.0,24.49,1013.9,5.15,248,1.187
2024-08-09 23:00:00+00:00,40.0,-4.0,24.79,1013.5,6.34,224,1.185
2024-08-10 00:00:00+00:00,40.0,-4.0,23.6,1015.4,5.07,240,1.192
2024-08-10 01:00:00+00:00,40.0,-4.0,27.28,1014.6,7.73,199,1.177
2024-08-10 02:00:00+00:00,40.0,-4.0,26.97,1015.1,6.6,236,1.178
2024-08-10 03:00:00+00:00,40.0,-4.0,26.8,1015.8,7.39,198,1.18
2024-08-10 04:00:00+00:00,40.0,-4.0,28.41,1014.5,6.24,247,1.172
2024-08-10 05:00:00+00:00,40.0,-4.0,31.09,1015.0,6.29,231,1.162
2024-08-10 06:00:00+00:00,40.0,-4.0,33.18,1015.2,7.31,221,1.155
2024-08-10 07:00:00+00:00,40.0,-4.0,33.46,1015.6,7.44,246,1.154
2024-08-10 08:00:00+00:00,40.0,-4.0,34.75,1016.4,7.2,215,1.15
2024-08-10 09:00:00+00:00,40.0,-4.0,33.84,1016.2,4.93,189,1.153
2024-08-10 10:00:00+00:00,40.0,-4.0,33.79,1014.6,5.1,243,1.152
2024-08-10 11:00:00+00:00,40.0,-4.0,35.63,1014.0,5.91,212,1.144
2024-08-10 12:00:00+00:00,40.0,-4.0,34.77,1016.5,2.91,234,1.15
2024-08-10 13:00:00+00:00,40.0,-4.0,33.51,1014.6,7.06,208,1.153
2024-08-10 14:00:00+00:00,40.0,-4.0,33.65,1014.3,5.81,233,1.152
2024-08-10 15:00:00+00:00,40.0,-4.0,30.44,1012.6,5.3,184,1.162
2024-08-10 16:00:00+00:00,40.0,-4.0,29.62,1014.3,4.14,175,1.167
2024-08-10 17:00:00+00:00,40.0,-4.0,29.63,1012.6,6.5,173,1.165
2024-08-10 18:00:00+00:00,40.0,-4.0,29.15,1012.7,4.98,229,1.167
2024-08-10 19:00:00+00:00,40.0,-4.0,26.47,1011.6,8.42,162,1.176
2024-08-10 20:00:00+00:00,40.0,-4.0,27.18,1012.3,6.4,169,1.174
2024-08-10 21:00:00+00:00,40.0,-4.0,24.63,1012.6,3.84,181,1.185
2024-08-10 22:00:00+00:00,40.0,-4.0,25.3,1010.9,7.46,224,1.18
2024-08-10 23:00:00+00:00,40.0,-4.0,25.01,1011.3,5.85,232,1.182
2024-08-11 00:00:00+00:00,40.0,-4.0,24.24,1011.9,6.11,203,1.185
2024-08-11 01:00:00+00:00,40.0,-4.0,26.7,1010.5,6.73,246,1.174
2024-08-11 02:00:00+00:00,40.0,-4.0,28.34,1010.4,7.03,237,1.168
2024-08-11 03:00:00+00:00,40.0,-4.0,28.57,1010.6,7.67,262,1.167
2024-08-11 04:00:00+00:00,40.0,-4.0,29.94,1009.8,8.41,257,1.161
2024-08-11 05:00:00+00:00,40.0,-4.0,32.55,1011.6,7.83,219,1.153
2024-08-11 06:00:00+00:00,40.0,-4.0,31.38,1009.9,5.87,243,1.155
2024-08-11 07:00:00+00:00,40.0,-4.0,32.19,1011.4,4.66,236,1.154
2024-08-11 08:00:00+00:00,40.0,-4.0,33.74,1011.4,5.15,253,1.148
2024-08-11 09:00:00+00:00,40.0,-4.0,33.75,1009.1,6.53,248,1.145
2024-08-11 10:00:00+00:00,40.0,-4.0,36.21,1010.2,6.89,244,1.138
2024-08-11 11:00:00+00:00,40.0,-4.0,35.11,1009.5,7.89,262,1.141
2024-08-11 12:00:00+00:00,40.0,-4.0,33.55,1008.7,2.8,246,1.146
2024-08-11 13:00:00+00:00,40.0,-4.0,32.98,1009.4,4.6,262,1.149
2024-08-11 14:00:00+00:00,40.0,-4.0,35.07,1009.4,3.86,244,1.141
2024-08-11 15:00:00+00:00,40.0,-4.0,30.75,1010.2,3.39,239,1.158
2024-08-11 16:00:00+00:00,40.0,-4.0,29.31,1010.4,4.08,264,1.164
2024-08-11 17:00:00+00:00,40.0,-4.0,28.98,1008.2,3.46,264,1.163
2024-08-11 18:00:00+00:00,40.0,-4.0,28.07,1008.8,3.47,269,1.167
2024-08-11 19:00:00+00:00,40.0,-4.0,26.66,1009.7,3.02,252,1.173
2024-08-11 20:00:00+00:00,40.0,-4.0,24.85,1010.3,4.76,229,1.181
2024-08-11 21:00:00+00:00,40.0,-4.0,24.13,1006.6,5.98,236,1.18
2024-08-11 22:00:00+00:00,40.0,-4.0,25.54,1010.3,7.1,233,1.178
2024-08-11 23:00:00+00:00,40.0,-4.0,25.12,1008.8,4.11,183,1.178
2024-08-12 00:00:00+00:00,40.0,-4.0,24.19,1010.5,3.56,196,1.184
2024-08-12 01:00:00+00:00,40.0,-4.0,27.52,1008.6,4.96,260,1.169
2024-08-12 02:00:00+00:00,40.0,-4.0,28.2,1008.2,4.26,217,1.166
2024-08-12 03:00:00+00:00,40.0,-4.0,28.49,1009.1,7.15,145,1.165
2024-08-12 04:00:00+00:00,40.0,-4.0,29.77,1010.3,4.4,211,1.162
2024-08-12 05:00:00+00:00,40.0,-4.0,31.5,1009.2,5.69,216,1.154
2024-08-12 06:00:00+00:00,40.0,-4.0,31.88,1006.9,3.44,179,1.15
2024-08-12 07:00:00+00:00,40.0,-4.0,32.32,1010.0,4.74,265,1.152
2024-08-12 08:00:00+00:00,40.0,-4.0,34.62,1007.8,5.31,235,1.141
2024-08-12 09:00:00+00:00,40.0,-4.0,33.53,1008.5,7.05,226,1.146
2024-08-12 10:00:00+00:00,40.0,-4.0,35.35,1008.5,3.43,200,1.139
2024-08-12 11:00:00+00:00,40.0,-4.0,33.53,1007.9,4.75,216,1.145
2024-08-12 12:00:00+00:00,40.0,-4.0,34.24,1008.6,0.83,225,1.143
2024-08-12 13:00:00+00:00,40.0,-4.0,33.41,1009.0,1.93,216,1.147
2024-08-12 14:00:00+00:00,40.0,-4.0,34.1,1009.6,2.38,188,1.145
2024-08-12 15:00:00+00:00,40.0,-4.0,30.34,1010.3,2.79,210,1.16
2024-08-12 16:00:00+00:00,40.0,-4.0,28.73,1010.2,4.21,210,1.166
2024-08-12 17:00:00+00:00,40.0,-4.0,28.12,1009.2,4.62,215,1.167
2024-08-12 18:00:00+00:00,40.0,-4.0,26.49,1010.7,1.46,184,1.175
2024-08-12 19:00:00+00:00,40.0,-4.0,25.93,1012.0,4.93,218,1.179
2024-08-12 20:00:00+00:00,40.0,-4.0,26.05,1012.2,2.79,214,1.179
2024-08-12 21:00:00+00:00,40.0,-4.0,25.87,1011.5,7.59,222,1.178
2024-08-12 22:00:00+00:00,40.0,-4.0,26.49,1012.2,5.7,224,1.177
2024-08-12 23:00:00+00:00,40.0,-4.0,24.51,1012.7,5.86,185,1.185
2024-08-13 00:00:00+00:00,40.0,-4.0,28.04,1013.4,5.74,245,1.172
2024-08-13 01:00:00+00:00,40.0,-4.0,28.25,1013.9,6.29,245,1.172
2024-08-13 02:00:00+00:00,40.0,-4.0,27.32,1012.1,6.62,195,1.173
2024-08-13 03:00:00+00:00,40.0,-4.0,26.64,1012.3,5.79,229,1.176
2024-08-13 04:00:00+00:00,40.0,-4.0,29.93,1014.2,8.07,212,1.166
2024-08-13 05:00:00+00:00,40.0,-4.0,31.36,1014.5,7.39,224,1.161
2024-08-13 06:00:00+00:00,40.0,-4.0,30.43,1014.7,8.07,263,1.164
2024-08-13 07:00:00+00:00,40.0,-4.0,33.6,1011.0,6.73,253,1.148
2024-08-13 08:00:00+00:00,40.0,-4.0,34.15,1013.3,7.67,290,1.149
2024-08-13 09:00:00+00:00,40.0,-4.0,34.12,1010.4,5.29,244,1.146
2024-08-13 10:00:00+00:00,40.0,-4.0,35.56,1014.6,11.52,215,1.145
2024-08-13 11:00:00+00:00,40.0,-4.0,35.73,1014.0,4.85,246,1.144
2024-08-13 12:00:00+00:00,40.0,-4.0,33.89,1014.2,5.0,182,1.151
2024-08-13 13:00:00+00:00,40.0,-4.0,33.74,1014.1,6.91,287,1.151
2024-08-13 14:00:00+00:00,40.0,-4.0,31.91,1015.7,7.15,249,1.16
2024-08-13 15:00:00+00:00,40.0,-4.0,30.59,1014.2,4.02,253,1.163
2024-08-13 16:00:00+00:00,40.0,-4.0,30.07,1015.6,2.69,244,1.167
2024-08-13 17:00:00+00:00,40.0,-4.0,29.18,1015.2,3.14,218,1.17
2024-08-13 18:00:00+00:00,40.0,-4.0,26.99,1015.1,3.87,234,1.178
2024-08-13 19:00:00+00:00,40.0,-4.0,24.47,1015.3,4.37,215,1.188
2024-08-13 20:00:00+00:00,40.0,-4.0,26.2,1015.0,5.54,220,1.181
2024-08-13 21:00:00+00:00,40.0,-4.0,23.73,1013.8,7.6,238,1.19
2024-08-13 22:00:00+00:00,40.0,-4.0,25.11,1015.7,7.96,198,1.186
2024-08-13 23:00:00+00:00,40.0,-4.0,26.77,1015.7,5.7,266,1.18
2024-08-14 00:00:00+00:00,40.0,-4.0,25.65,1014.9,7.68,196,1.183
2024-08-14 01:00:00+00:00,40.0,-4.0,25.39,1015.7,8.39,240,1.185
2024-08-14 02:00:00+00:00,40.0,-4.0,26.18,1015.9,9.31,201,1.182
2024-08-14 03:00:00+00:00,40.0,-4.0,29.76,1013.7,7.03,183,1.166
2024-08-14 04:00:00+00:00,40.0,-4.0,29.98,1014.8,6.13,221,1.166
2024-08-14 05:00:00+00:00,40.0,-4.0,31.78,1014.4,8.26,214,1.159
2024-08-14 06:00:00+00:00,40.0,-4.0,33.33,1013.9,9.21,202,1.152
2024-08-14 07:00:00+00:00,40.0,-4.0,33.49,1015.0,5.88,204,1.153
2024-08-14 08:00:00+00:00,40.0,-4.0,34.05,1013.8,9.26,189,1.15
2024-08-14 09:00:00+00:00,40.0,-4.0,33.98,1014.1,8.55,213,1.15
2024-08-14 10:00:00+00:00,40.0,-4.0,32.23,1014.6,5.18,190,1.157
2024-08-14 11:00:00+00:00,40.0,-4.0,33.46,1014.6,2.82,202,1.153
2024-08-14 12:00:00+00:00,40.0,-4.0,34.27,1014.4,3.9,229,1.15
2024-08-14 13:00:00+00:00,40.0,-4.0,33.38,1016.2,3.94,168,1.155
2024-08-14 14:00:00+00:00,40.0,-4.0,32.86,1013.3,4.98,187,1.154
2024-08-14 15:00:00+00:00,40.0,-4.0,31.18,1013.9,1.48,186,1.161
2024-08-14 16:00:00+00:00,40.0,-4.0,30.14,1012.3,7.5,184,1.163
2024-08-14 17:00:00+00:00,40.0,-4.0,29.41,1013.8,7.33,171,1.167
2024-08-14 18:00:00+00:00,40.0,-4.0,26.7,1014.3,2.77,200,1.178
2024-08-14 19:00:00+00:00,40.0,-4.0,26.21,1014.2,1.18,212,1.18
2024-08-14 20:00:00+00:00,40.0,-4.0,24.22,1012.1,3.9,208,1.186
2024-08-14 21:00:00+00:00,40.0,-4.0,26.05,1012.3,5.02,173,1.179
2024-08-14 22:00:00+00:00,40.0,-4.0,25.03,1013.7,6.65,232,1.184
2024-08-14 23:00:00+00:00,40.0,-4.0,25.61,1012.1,5.96,235,1.18
2024-08-15 00:00:00+00:00,40.0,-4.0,27.06,1013.0,4.83,222,1.176
2024-08-15 01:00:00+00:00,40.0,-4.0,27.44,1010.8,2.39,198,1.171
2024-08-15 02:00:00+00:00,40.0,-4.0,27.45,1013.0,6.26,204,1.174
2024-08-15 03:00:00+00:00,40.0,-4.0,29.41,1012.4,6.85,276,1.166
2024-08-15 04:00:00+00:00,40.0,-4.0,28.71,1011.7,5.14,273,1.168
2024-08-15 05:00:00+00:00,40.0,-4.0,31.68,1010.2,5.97,244,1.154
2024-08-15 06:00:00+00:00,40.0,-4.0,32.63,1010.7,5.74,212,1.151
2024-08-15 07:00:00+00:00,40.0,-4.0,32.08,1010.8,4.88,267,1.154
2024-08-15 08:00:00+00:00,40.0,-4.0,35.53,1010.8,3.27,242,1.141
2024-08-15 09:00:00+00:00,40.0,-4.0,34.2,1010.2,5.25,280,1.145
2024-08-15 10:00:00+00:00,40.0,-4.0,35.61,1010.0,2.33,225,1.14
2024-08-15 11:00:00+00:00,40.0,-4.0,34.45,1010.2,6.28,252,1.144
2024-08-15 12:00:00+00:00,40.0,-4.0,35.22,1011.3,2.58,235,1.142
2024-08-15 13:00:00+00:00,40.0,-4.0,34.72,1007.7,4.46,259,1.14
2024-08-15 14:00:00+00:00,40.0,-4.0,31.75,1008.2,2.49,224,1.152
2024-08-15 15:00:00+00:00,40.0,-4.0,29.92,1008.0,4.09,261,1.159
2024-08-15 16:00:00+00:00,40.0,-4.0,29.88,1008.7,3.23,228,1.16
2024-08-15 17:00:00+00:00,40.0,-4.0,29.47,1007.6,4.46,214,1.16
2024-08-15 18:00:00+00:00,40.0,-4.0,27.17,1009.8,2.67,248,1.171
2024-08-15 19:00:00+00:00,40.0,-4.0,25.91,1009.3,1.67,238,1.176
2024-08-15 20:00:00+00:00,40.0,-4.0,26.11,1008.8,4.03,178,1.174
2024-08-15 21:00:00+00:00,40.0,-4.0,22.69,1008.4,4.29,227,1.187
2024-08-15 22:00:00+00:00,40.0,-4.0,24.4,1009.2,2.96,228,1.182
2024-08-15 23:00:00+00:00,40.0,-4.0,23.92,1009.2,4.58,227,1.183
2024-08-16 00:00:00+00:00,40.0,-4.0,25.94,1009.3,3.48,271,1.176
2024-08-16 01:00:00+00:00,40.0,-4.0,25.8,1008.3,6.5,201,1.175
2024-08-16 02:00:00+00:00,40.0,-4.0,26.5,1009.7,6.04,214,1.174
2024-08-16 03:00:00+00:00,40.0,-4.0,28.39,1007.6,6.83,170,1.164
2024-08-16 04:00:00+00:00,40.0,-4.0,28.68,1010.4,10.83,174,1.166
2024-08-16 05:00:00+00:00,40.0,-4.0,31.28,1006.1,7.21,194,1.151
2024-08-16 06:00:00+00:00,40.0,-4.0,31.89,1008.6,7.49,203,1.152
2024-08-16 07:00:00+00:00,40.0,-4.0,33.2,1008.1,7.75,199,1.146
2024-08-16 08:00:00+00:00,40.0,-4.0,33.68,1010.2,6.42,219,1.147
2024-08-16 09:00:00+00:00,40.0,-4.0,35.65,1008.0,5.52,220,1.137
2024-08-16 10:00:00+00:00,40.0,-4.0,34.9,1011.4,7.47,226,1.144
2024-08-16 11:00:00+00:00,40.0,-4.0,35.3,1008.2,7.44,196,1.139
2024-08-16 12:00:00+00:00,40.0,-4.0,34.76,1011.9,1.28,212,1.145
2024-08-16 13:00:00+00:00,40.0,-4.0,32.81,1010.5,5.2,182,1.151
2024-08-16 14:00:00+00:00,40.0,-4.0,33.01,1010.2,4.78,210,1.149
2024-08-16 15:00:00+00:00,40.0,-4.0,31.61,1010.8,4.35,214,1.155
2024-08-16 16:00:00+00:00,40.0,-4.0,30.28,1012.7,7.03,190,1.163
2024-08-16 17:00:00+00:00,40.0,-4.0,28.35,1011.6,4.42,124,1.169
2024-08-16 18:00:00+00:00,40.0,-4.0,27.12,1008.6,6.64,190,1.17
2024-08-16 19:00:00+00:00,40.0,-4.0,27.17,1012.2,4.72,272,1.174
2024-08-16 20:00:00+00:00,40.0,-4.0,27.63,1011.5,5.16,208,1.172
2024-08-16 21:00:00+00:00,40.0,-4.0,24.42,1009.8,7.13,196,1.182
2024-08-16 22:00:00+00:00,40.0,-4.0,25.48,1012.4,5.22,217,1.181
2024-08-16 23:00:00+00:00,40.0,-4.0,24.84,1010.6,6.36,245,1.181
2024-08-17 00:00:00+00:00,40.0,-4.0,26.38,1012.2,5.19,228,1.177
2024-08-17 01:00:00+00:00,40.0,-4.0,26.86,1012.4,5.72,217,1.176
2024-08-17 02:00:00+00:00,40.0,-4.0,28.45,1011.7,8.27,193,1.169
2024-08-17 03:00:00+00:00,40.0,-4.0,26.19,1013.2,8.13,220,1.179
2024-08-17 04:00:00+00:00,40.0,-4.0,29.46,1011.8,5.51,200,1.165
2024-08-17 05:00:00+00:00,40.0,-4.0,30.4,1013.2,5.34,241,1.163
2024-08-17 06:00:00+00:00,40.0,-4.0,32.4,1012.6,10.74,272,1.155
2024-08-17 07:00:00+00:00,40.0,-4.0,32.88,1013.1,5.69,262,1.153
2024-08-17 08:00:00+00:00,40.0,-4.0,33.75,1015.4,5.02,222,1.153
2024-08-17 09:00:00+00:00,40.0,-4.0,35.44,1013.8,6.72,214,1.144
2024-08-17 10:00:00+00:00,40.0,-4.0,36.71,1012.7,4.39,205,1.139
2024-08-17 11:00:00+00:00,40.0,-4.0,32.29,1013.9,4.61,251,1.156
2024-08-17 12:00:00+00:00,40.0,-4.0,34.05,1013.4,6.12,254,1.149
2024-08-17 13:00:00+00:00,40.0,-4.0,33.82,1014.3,5.94,259,1.151
2024-08-17 14:00:00+00:00,40.0,-4.0,32.5,1014.5,3.87,248,1.156
2024-08-17 15:00:00+00:00,40.0,-4.0,30.98,1014.6,5.97,208,1.162
2024-08-17 16:00:00+00:00,40.0,-4.0,28.78,1014.7,3.62,189,1.171
2024-08-17 17:00:00+00:00,40.0,-4.0,27.86,1014.1,3.44,263,1.174
2024-08-17 18:00:00+00:00,40.0,-4.0,28.15,1015.2,3.83,213,1.174
2024-08-17 19:00:00+00:00,40.0,-4.0,27.43,1015.9,3.5,279,1.177
2024-08-17 20:00:00+00:00,40.0,-4.0,25.76,1014.3,4.93,177,1.182
2024-08-17 21:00:00+00:00,40.0,-4.0,24.42,1014.9,4.79,200,1.188
2024-08-17 22:00:00+00:00,40.0,-4.0,25.09,1015.0,3.45,202,1.186
2024-08-17 23:00:00+00:00,40.0,-4.0,24.95,1016.2,5.14,229,1.188
2024-08-18 00:00:00+00:00,40.0,-4.0,26.16,1016.1,4.3,236,1.183
2024-08-18 01:00:00+00:00,40.0,-4.0,26.57,1014.3,4.46,203,1.179
2024-08-18 02:00:00+00:00,40.0,-4.0,26.94,1015.0,5.27,229,1.178
2024-08-18 03:00:00+00:00,40.0,-4.0,28.88,1013.4,7.1,179,1.169
2024-08-18 04:00:00+00:00,40.0,-4.0,28.94,1013.9,6.01,197,1.169
2024-08-18 05:00:00+00:00,40.0,-4.0,32.03,1014.9,7.44,177,1.159
2024-08-18 06:00:00+00:00,40.0,-4.0,33.56,1015.4,7.76,192,1.153
2024-08-18 07:00:00+00:00,40.0,-4.0,32.47,1015.6,5.18,188,1.158
2024-08-18 08:00:00+00:00,40.0,-4.0,34.71,1014.3,4.09,210,1.148
2024-08-18 09:00:00+00:00,40.0,-4.0,33.94,1013.1,3.54,287,1.149
2024-08-18 10:00:00+00:00,40.0,-4.0,35.96,1014.8,4.86,166,1.144
2024-08-18 11:00:00+00:00,40.0,-4.0,35.64,1014.1,5.46,195,1.144
2024-08-18 12:00:00+00:00,40.0,-4.0,34.12,1014.5,6.29,217,1.15
2024-08-18 13:00:00+00:00,40.0,-4.0,34.43,1014.1,1.75,201,1.149
2024-08-18 14:00:00+00:00,40.0,-4.0,32.11,1014.5,4.96,236,1.158
2024-08-18 15:00:00+00:00,40.0,-4.0,30.72,1014.3,5.12,175,1.163
2024-08-18 16:00:00+00:00,40.0,-4.0,29.49,1014.3,7.19,222,1.168
2024-08-18 17:00:00+00:00,40.0,-4.0,28.58,1012.9,3.93,184,1.169
2024-08-18 18:00:00+00:00,40.0,-4.0,27.21,1014.1,3.8,226,1.176
2024-08-18 19:00:00+00:00,40.0,-4.0,26.6,1012.5,1.84,211,1.177
2024-08-18 20:00:00+00:00,40.0,-4.0,25.12,1012.9,3.28,216,1.183
2024-08-18 21:00:00+00:00,40.0,-4.0,25.86,1014.4,3.16,197,1.182
2024-08-18 22:00:00+00:00,40.0,-4.0,25.92,1012.7,3.7,168,1.18
2024-08-18 23:00:00+00:00,40.0,-4.0,24.72,1011.0,4.26,189,1.182
2024-08-19 00:00:00+00:00,40.0,-4.0,24.39,1013.5,3.69,237,1.187
2024-08-19 01:00:00+00:00,40.0,-4.0,27.12,1012.8,6.19,216,1.175
2024-08-19 02:00:00+00:00,40.0,-4.0,28.52,1012.7,7.18,243,1.169
2024-08-19 03:00:00+00:00,40.0,-4.0,28.56,1011.6,7.95,194,1.168
2024-08-19 04:00:00+00:00,40.0,-4.0,28.84,1011.6,6.79,245,1.167
2024-08-19 05:00:00+00:00,40.0,-4.0,31.53,1010.8,8.56,257,1.156
2024-08-19 06:00:00+00:00,40.0,-4.0,33.87,1010.2,8.53,178,1.146
2024-08-19 07:00:00+00:00,40.0,-4.0,31.85,1012.2,4.54,243,1.156
2024-08-19 08:00:00+00:00,40.0,-4.0,34.76,1010.1,6.23,285,1.143
2024-08-19 09:00:00+00:00,40.0,-4.0,34.55,1009.9,4.54,219,1.143
2024-08-19 10:00:00+00:00,40.0,-4.0,34.23,1009.7,4.7,264,1.144
2024-08-19 11:00:00+00:00,40.0,-4.0,35.28,1011.9,6.18,240,1.143
2024-08-19 12:00:00+00:00,40.0,-4.0,33.16,1010.8,5.48,261,1.15
2024-08-19 13:00:00+00:00,40.0,-4.0,33.8,1009.4,7.65,230,1.146
2024-08-19 14:00:00+00:00,40.0,-4.0,33.68,1009.6,8.37,220,1.146
2024-08-19 15:00:00+00:00,40.0,-4.0,31.45,1010.0,5.84,227,1.155
2024-08-19 16:00:00+00:00,40.0,-4.0,29.21,1010.3,4.9,228,1.164
2024-08-19 17:00:00+00:00,40.0,-4.0,27.1,1007.7,5.02,221,1.169
2024-08-19 18:00:00+00:00,40.0,-4.0,26.35,1010.1,5.35,212,1.175
2024-08-19 19:00:00+00:00,40.0,-4.0,24.81,1008.9,6.41,259,1.18
2024-08-19 20:00:00+00:00,40.0,-4.0,27.11,1008.4,4.69,215,1.17
2024-08-19 21:00:00+00:00,40.0,-4.0,24.95,1008.7,6.94,197,1.179
2024-08-19 22:00:00+00:00,40.0,-4.0,24.06,1009.8,5.98,201,1.184
2024-08-19 23:00:00+00:00,40.0,-4.0,24.0,1010.8,8.21,234,1.185
2024-08-20 00:00:00+00:00,40.0,-4.0,24.71,1009.1,8.92,164,1.18
2024-08-20 01:00:00+00:00,40.0,-4.0,26.16,1009.6,9.68,229,1.175
2024-08-20 02:00:00+00:00,40.0,-4.0,26.35,1008.2,6.98,232,1.173
2024-08-20 03:00:00+00:00,40.0,-4.0,30.21,1009.5,5.25,244,1.159
2024-08-20 04:00:00+00:00,40.0,-4.0,29.33,1009.9,4.73,199,1.163
2024-08-20 05:00:00+00:00,40.0,-4.0,30.59,1007.7,6.71,187,1.156
2024-08-20 06:00:00+00:00,40.0,-4.0,32.78,1008.7,4.83,210,1.149
2024-08-20 07:00:00+00:00,40.0,-4.0,34.84,1010.1,4.22,207,1.143
2024-08-20 08:00:00+00:00,40.0,-4.0,35.52,1007.6,5.83,235,1.137
2024-08-20 09:00:00+00:00,40.0,-4.0,34.39,1009.1,4.51,203,1.143
2024-08-20 10:00:00+00:00,40.0,-4.0,35.23,1010.2,6.62,190,1.141
2024-08-20 11:00:00+00:00,40.0,-4.0,34.96,1008.1,8.1,167,1.14
2024-08-20 12:00:00+00:00,40.0,-4.0,34.81,1009.5,4.48,195,1.142
2024-08-20 13:00:00+00:00,40.0,-4.0,33.77,1010.1,4.95,202,1.147
2024-08-20 14:00:00+00:00,40.0,-4.0,31.65,1011.1,1.84,230,1.156
2024-08-20 15:00:00+00:00,40.0,-4.0,30.16,1009.1,4.28,204,1.159
2024-08-20 16:00:00+00:00,40.0,-4.0,30.16,1011.6,2.83,236,1.162
2024-08-20 17:00:00+00:00,40.0,-4.0,27.64,1011.0,2.19,235,1.171
2024-08-20 18:00:00+00:00,40.0,-4.0,28.73,1012.0,1.09,187,1.168
2024-08-20 19:00:00+00:00,40.0,-4.0,26.5,1012.2,6.4,179,1.177
2024-08-20 20:00:00+00:00,40.0,-4.0,24.75,1011.6,1.76,194,1.183
2024-08-20 21:00:00+00:00,40.0,-4.0,24.88,1011.9,2.6,206,1.183
2024-08-20 22:00:00+00:00,40.0,-4.0,24.54,1009.9,4.68,195,1.182
2024-08-20 23:00:00+00:00,40.0,-4.0,25.05,1010.5,5.35,235,1.181
2024-08-21 00:00:00+00:00,40.0,-4.0,26.52,1011.0,5.6,237,1.175
2024-08-21 01:00:00+00:00,40.0,-4.0,25.16,1011.8,5.54,253,1.182
2024-08-21 02:00:00+00:00,40.0,-4.0,25.82,1013.3,4.19,232,1.181
2024-08-21 03:00:00+00:00,40.0,-4.0,29.01,1010.8,6.78,217,1.165
2024-08-21 04:00:00+00:00,40.0,-4.0,29.84,1012.5,5.94,240,1.164
2024-08-21 05:00:00+00:00,40.0,-4.0,31.44,1011.6,3.42,209,1.157
2024-08-21 06:00:00+00:00,40.0,-4.0,32.9,1011.6,7.88,238,1.151
2024-08-21 07:00:00+00:00,40.0,-4.0,33.37,1014.8,4.78,217,1.153
2024-08-21 08:00:00+00:00,40.0,-4.0,35.05,1013.6,6.47,266,1.146
2024-08-21 09:00:00+00:00,40.0,-4.0,34.03,1015.3,2.6,172,1.151
2024-08-21 10:00:00+00:00,40.0,-4.0,35.06,1015.0,2.71,260,1.147
2024-08-21 11:00:00+00:00,40.0,-4.0,34.08,1013.1,3.36,262,1.149
2024-08-21 12:00:00+00:00,40.0,-4.0,33.31,1012.3,2.94,239,1.151
2024-08-21 13:00:00+00:00,40.0,-4.0,34.09,1016.3,5.29,248,1.152
2024-08-21 14:00:00+00:00,40.0,-4.0,33.01,1014.0,1.2,244,1.154
2024-08-21 15:00:00+00:00,40.0,-4.0,29.55,1013.3,3.82,271,1.166
2024-08-21 16:00:00+00:00,40.0,-4.0,28.99,1015.3,2.08,279,1.171
2024-08-21 17:00:00+00:00,40.0,-4.0,28.97,1014.8,4.49,236,1.17
2024-08-21 18:00:00+00:00,40.0,-4.0,28.46,1014.1,4.22,275,1.171
2024-08-21 19:00:00+00:00,40.0,-4.0,25.87,1014.5,3.35,216,1.182
2024-08-21 20:00:00+00:00,40.0,-4.0,25.5,1015.1,7.84,240,1.184
2024-08-21 21:00:00+00:00,40.0,-4.0,23.9,1015.0,4.81,239,1.19
2024-08-21 22:00:00+00:00,40.0,-4.0,27.26,1015.7,6.92,194,1.178
2024-08-21 23:00:00+00:00,40.0,-4.0,25.6,1014.6,3.68,231,1.183
2024-08-22 00:00:00+00:00,40.0,-4.0,26.48,1014.7,5.86,203,1.18
2024-08-22 01:00:00+00:00,40.0,-4.0,27.06,1015.6,6.52,237,1.179
2024-08-22 02:00:00+00:00,40.0,-4.0,28.34,1015.3,6.87,193,1.173
2024-08-22 03:00:00+00:00,40.0,-4.0,29.25,1016.0,6.35,168,1.17
2024-08-22 04:00:00+00:00,40.0,-4.0,29.7,1014.6,5.75,177,1.167
2024-08-22 05:00:00+00:00,40.0,-4.0,31.96,1014.7,2.39,208,1.159
2024-08-22 06:00:00+00:00,40.0,-4.0,32.57,1013.6,6.14,214,1.155
2024-08-22 07:00:00+00:00,40.0,-4.0,34.7,1016.2,5.5,213,1.15
2024-08-22 08:00:00+00:00,40.0,-4.0,33.67,1013.2,6.31,184,1.15
2024-08-22 09:00:00+00:00,40.0,-4.0,34.34,1014.7,7.76,221,1.15
2024-08-22 10:00:00+00:00,40.0,-4.0,35.6,1013.5,9.55,187,1.144
2024-08-22 11:00:00+00:00,40.0,-4.0,35.98,1014.6,6.76,195,1.143
2024-08-22 12:00:00+00:00,40.0,-4.0,34.46,1014.9,7.25,225,1.149
2024-08-22 13:00:00+00:00,40.0,-4.0,32.89,1012.3,6.46,196,1.152
2024-08-22 14:00:00+00:00,40.0,-4.0,32.39,1013.6,6.45,154,1.156
2024-08-22 15:00:00+00:00,40.0,-4.0,30.85,1011.9,6.15,219,1.16
2024-08-22 16:00:00+00:00,40.0,-4.0,31.71,1014.9,4.85,203,1.16
2024-08-22 17:00:00+00:00,40.0,-4.0,29.51,1012.9,4.81,194,1.166
2024-08-22 18:00:00+00:00,40.0,-4.0,28.64,1011.6,5.92,238,1.168
2024-08-22 19:00:00+00:00,40.0,-4.0,26.74,1012.3,8.32,192,1.176
2024-08-22 20:00:00+00:00,40.0,-4.0,25.17,1014.1,7.03,226,1.184
2024-08-22 21:00:00+00:00,40.0,-4.0,26.23,1014.1,8.54,216,1.18
2024-08-22 22:00:00+00:00,40.0,-4.0,26.49,1013.7,4.47,280,1.179
2024-08-22 23:00:00+00:00,40.0,-4.0,25.69,1011.4,7.09,172,1.179
2024-08-23 00:00:00+00:00,40.0,-4.0,25.65,1011.8,7.54,225,1.18
2024-08-23 01:00:00+00:00,40.0,-4.0,27.44,1013.4,7.93,231,1.174
2024-08-23 02:00:00+00:00,40.0,-4.0,27.17,1010.9,5.22,253,1.173
2024-08-23 03:00:00+00:00,40.0,-4.0,29.39,1011.1,4.58,217,1.164
2024-08-23 04:00:00+00:00,40.0,-4.0,29.36,1010.3,4.14,214,1.163
2024-08-23 05:00:00+00:00,40.0,-4.0,30.42,1009.9,6.62,267,1.159
2024-08-23 06:00:00+00:00,40.0,-4.0,33.01,1012.1,10.54,223,1.152
2024-08-23 07:00:00+00:00,40.0,-4.0,33.84,1011.3,7.08,243,1.148
2024-08-23 08:00:00+00:00,40.0,-4.0,36.04,1010.9,4.61,236,1.139
2024-08-23 09:00:00+00:00,40.0,-4.0,34.58,1010.9,6.56,248,1.144
2024-08-23 10:00:00+00:00,40.0,-4.0,35.02,1011.2,5.21,206,1.143
2024-08-23 11:00:00+00:00,40.0,-4.0,33.8,1011.5,5.52,226,1.148
2024-08-23 12:00:00+00:00,40.0,-4.0,32.65,1009.9,4.21,239,1.15
2024-08-23 13:00:00+00:00,40.0,-4.0,31.93,1009.4,2.61,242,1.153
2024-08-23 14:00:00+00:00,40.0,-4.0,32.92,1008.6,3.48,267,1.148
2024-08-23 15:00:00+00:00,40.0,-4.0,30.24,1010.6,5.15,251,1.16
2024-08-23 16:00:00+00:00,40.0,-4.0,31.01,1008.9,4.41,252,1.156
2024-08-23 17:00:00+00:00,40.0,-4.0,29.99,1007.8,5.75,234,1.158
2024-08-23 18:00:00+00:00,40.0,-4.0,27.24,1009.0,2.35,266,1.17
2024-08-23 19:00:00+00:00,40.0,-4.0,27.96,1009.2,5.65,217,1.168
2024-08-23 20:00:00+00:00,40.0,-4.0,25.87,1009.9,4.35,228,1.177
2024-08-23 21:00:00+00:00,40.0,-4.0,26.18,1010.1,4.78,190,1.176
2024-08-23 22:00:00+00:00,40.0,-4.0,24.8,1008.3,6.61,199,1.179
2024-08-23 23:00:00+00:00,40.0,-4.0,26.03,1008.2,4.81,244,1.174
2024-08-24 00:00:00+00:00,40.0,-4.0,24.82,1008.7,5.63,219,1.179
2024-08-24 01:00:00+00:00,40.0,-4.0,27.02,1007.8,6.42,171,1.17
2024-08-24 02:00:00+00:00,40.0,-4.0,27.09,1008.9,6.59,214,1.171
2024-08-24 03:00:00+00:00,40.0,-4.0,28.59,1009.5,6.94,206,1.166
2024-08-24 04:00:00+00:00,40.0,-4.0,30.57,1009.1,7.68,182,1.157
2024-08-24 05:00:00+00:00,40.0,-4.0,31.45,1007.5,6.49,216,1.152
2024-08-24 06:00:00+00:00,40.0,-4.0,32.43,1008.0,4.91,199,1.149
2024-08-24 07:00:00+00:00,40.0,-4.0,34.19,1010.6,9.06,204,1.146
2024-08-24 08:00:00+00:00,40.0,-4.0,35.05,1008.4,5.11,226,1.14
2024-08-24 09:00:00+00:00,40.0,-4.0,33.58,1010.2,5.45,186,1.147
2024-08-24 10:00:00+00:00,40.0,-4.0,35.5,1010.3,3.48,227,1.14
2024-08-24 11:00:00+00:00,40.0,-4.0,35.43,1009.4,1.06,193,1.14
2024-08-24 12:00:00+00:00,40.0,-4.0,33.65,1008.9,2.91,193,1.146
2024-08-24 13:00:00+00:00,40.0,-4.0,33.88,1010.2,3.98,232,1.146
2024-08-24 14:00:00+00:00,40.0,-4.0,31.31,1009.3,4.54,210,1.155
2024-08-24 15:00:00+00:00,40.0,-4.0,32.59,1010.2,3.73,191,1.151
2024-08-24 16:00:00+00:00,40.0,-4.0,29.79,1010.6,4.9,200,1.162
2024-08-24 17:00:00+00:00,40.0,-4.0,28.64,1010.0,5.31,209,1.166
2024-08-24 18:00:00+00:00,40.0,-4.0,28.58,1010.6,5.5,169,1.167
2024-08-24 19:00:00+00:00,40.0,-4.0,26.34,1010.7,4.29,224,1.176
2024-08-24 20:00:00+00:00,40.0,-4.0,26.21,1010.0,4.74,210,1.175
2024-08-24 21:00:00+00:00,40.0,-4.0,24.23,1011.2,4.67,180,1.185
2024-08-24 22:00:00+00:00,40.0,-4.0,24.49,1011.0,4.07,191,1.183
2024-08-24 23:00:00+00:00,40.0,-4.0,23.92,1010.0,7.92,239,1.184
2024-08-25 00:00:00+00:00,40.0,-4.0,25.48,1011.7,4.3,188,1.18
2024-08-25 01:00:00+00:00,40.0,-4.0,27.39,1011.9,6.39,276,1.173
2024-08-25 02:00:00+00:00,40.0,-4.0,27.7,1011.8,7.11,198,1.172
2024-08-25 03:00:00+00:00,40.0,-4.0,29.5,1010.5,3.77,233,1.163
2024-08-25 04:00:00+00:00,40.0,-4.0,29.08,1013.6,8.22,166,1.168
2024-08-25 05:00:00+00:00,40.0,-4.0,30.5,1013.6,6.62,230,1.163
2024-08-25 06:00:00+00:00,40.0,-4.0,32.08,1013.8,7.44,221,1.157
2024-08-25 07:00:00+00:00,40.0,-4.0,34.05,1013.7,6.49,248,1.15
2024-08-25 08:00:00+00:00,40.0,-4.0,34.65,1012.2,4.5,242,1.146
2024-08-25 09:00:00+00:00,40.0,-4.0,34.82,1013.8,6.87,230,1.147
2024-08-25 10:00:00+00:00,40.0,-4.0,35.56,1012.9,6.49,293,1.143
2024-08-25 11:00:00+00:00,40.0,-4.0,34.69,1016.2,7.57,259,1.15
2024-08-25 12:00:00+00:00,40.0,-4.0,34.31,1013.6,6.54,221,1.148
2024-08-25 13:00:00+00:00,40.0,-4.0,34.71,1014.9,3.1,248,1.148
2024-08-25 14:00:00+00:00,40.0,-4.0,31.97,1012.8,7.12,167,1.156
2024-08-25 15:00:00+00:00,40.0,-4.0,31.46,1013.3,6.56,223,1.159
2024-08-25 16:00:00+00:00,40.0,-4.0,31.45,1014.1,6.5,268,1.16
2024-08-25 17:00:00+00:00,40.0,-4.0,28.8,1015.4,6.13,221,1.172
2024-08-25 18:00:00+00:00,40.0,-4.0,28.14,1015.3,4.47,237,1.174
2024-08-25 19:00:00+00:00,40.0,-4.0,25.92,1015.1,6.51,203,1.182
2024-08-25 20:00:00+00:00,40.0,-4.0,27.43,1013.0,5.4,249,1.174
2024-08-25 21:00:00+00:00,40.0,-4.0,23.15,1016.1,10.54,230,1.195
2024-08-25 22:00:00+00:00,40.0,-4.0,23.98,1014.0,6.15,224,1.189
2024-08-25 23:00:00+00:00,40.0,-4.0,24.22,1016.6,5.12,245,1.191
2024-08-26 00:00:00+00:00,40.0,-4.0,27.13,1016.9,6.52,260,1.18
2024-08-26 01:00:00+00:00,40.0,-4.0,26.78,1015.8,9.39,236,1.18
2024-08-26 02:00:00+00:00,40.0,-4.0,27.26,1016.0,6.51,171,1.178
2024-08-26 03:00:00+00:00,40.0,-4.0,27.55,1013.7,3.77,221,1.174
2024-08-26 04:00:00+00:00,40.0,-4.0,30.33,1017.5,9.61,215,1.168
2024-08-26 05:00:00+00:00,40.0,-4.0,31.4,1015.1,7.79,178,1.161
2024-08-26 06:00:00+00:00,40.0,-4.0,31.88,1015.8,6.36,164,1.16
2024-08-26 07:00:00+00:00,40.0,-4.0,32.19,1013.8,7.91,193,1.157
2024-08-26 08:00:00+00:00,40.0,-4.0,33.34,1014.5,5.12,194,1.153
2024-08-26 09:00:00+00:00,40.0,-4.0,35.02,1013.3,4.37,199,1.145
2024-08-26 10:00:00+00:00,40.0,-4.0,35.28,1014.1,7.17,181,1.145
2024-08-26 11:00:00+00:00,40.0,-4.0,34.9,1014.3,4.57,203,1.147
2024-08-26 12:00:00+00:00,40.0,-4.0,34.19,1014.4,5.76,206,1.15
2024-08-26 13:00:00+00:00,40.0,-4.0,31.94,1015.4,4.65,192,1.159
2024-08-26 14:00:00+00:00,40.0,-4.0,32.54,1014.3,5.6,209,1.156
2024-08-26 15:00:00+00:00,40.0,-4.0,30.36,1013.9,4.31,185,1.164
2024-08-26 16:00:00+00:00,40.0,-4.0,30.04,1013.5,0.95,162,1.165
2024-08-26 17:00:00+00:00,40.0,-4.0,29.12,1015.3,5.0,202,1.17
2024-08-26 18:00:00+00:00,40.0,-4.0,26.89,1012.6,3.31,226,1.176
2024-08-26 19:00:00+00:00,40.0,-4.0,25.54,1014.2,5.47,274,1.183
2024-08-26 20:00:00+00:00,40.0,-4.0,26.56,1010.8,4.49,155,1.175
2024-08-26 21:00:00+00:00,40.0,-4.0,25.49,1011.7,6.68,198,1.18
2024-08-26 22:00:00+00:00,40.0,-4.0,24.43,1012.8,4.33,191,1.186
2024-08-26 23:00:00+00:00,40.0,-4.0,22.47,1012.0,1.97,223,1.193
2024-08-27 00:00:00+00:00,40.0,-4.0,25.63,1015.0,4.82,197,1.183
2024-08-27 01:00:00+00:00,40.0,-4.0,27.03,1014.4,6.28,224,1.177
2024-08-27 02:00:00+00:00,40.0,-4.0,28.51,1010.1,5.15,248,1.167
2024-08-27 03:00:00+00:00,40.0,-4.0,28.1,1010.3,5.05,207,1.168
2024-08-27 04:00:00+00:00,40.0,-4.0,29.42,1011.1,7.99,227,1.164
2024-08-27 05:00:00+00:00,40.0,-4.0,30.9,1012.8,5.5,271,1.16
2024-08-27 06:00:00+00:00,40.0,-4.0,33.25,1012.0,7.18,255,1.151
2024-08-27 07:00:00+00:00,40.0,-4.0,32.48,1011.0,5.64,194,1.152
2024-08-27 08:00:00+00:00,40.0,-4.0,34.23,1009.1,3.01,288,1.144
2024-08-27 09:00:00+00:00,40.0,-4.0,34.0,1009.5,3.5,220,1.145
2024-08-27 10:00:00+00:00,40.0,-4.0,35.24,1007.5,4.15,246,1.138
2024-08-27 11:00:00+00:00,40.0,-4.0,33.43,1008.5,4.81,228,1.146
2024-08-27 12:00:00+00:00,40.0,-4.0,34.67,1010.3,2.88,227,1.143
2024-08-27 13:00:00+00:00,40.0,-4.0,33.09,1010.5,1.77,221,1.15
2024-08-27 14:00:00+00:00,40.0,-4.0,32.3,1008.3,2.23,254,1.15
2024-08-27 15:00:00+00:00,40.0,-4.0,31.77,1009.6,2.91,218,1.153
2024-08-27 16:00:00+00:00,40.0,-4.0,31.03,1011.0,2.39,205,1.158
2024-08-27 17:00:00+00:00,40.0,-4.0,27.18,1009.5,2.95,220,1.171
2024-08-27 18:00:00+00:00,40.0,-4.0,28.4,1008.9,6.81,233,1.166
2024-08-27 19:00:00+00:00,40.0,-4.0,26.97,1009.8,4.71,181,1.172
2024-08-27 20:00:00+00:00,40.0,-4.0,25.4,1009.6,3.39,249,1.178
2024-08-27 21:00:00+00:00,40.0,-4.0,26.43,1009.1,4.97,208,1.173
2024-08-27 22:00:00+00:00,40.0,-4.0,25.17,1008.5,7.75,242,1.178
2024-08-27 23:00:00+00:00,40.0,-4.0,26.33,1008.6,6.75,256,1.173
2024-08-28 00:00:00+00:00,40.0,-4.0,25.14,1009.1,6.0,227,1.179
2024-08-28 01:00:00+00:00,40.0,-4.0,25.68,1008.5,4.46,230,1.176
2024-08-28 02:00:00+00:00,40.0,-4.0,28.6,1010.4,4.22,202,1.167
2024-08-28 03:00:00+00:00,40.0,-4.0,30.65,1010.0,6.46,194,1.158
2024-08-28 04:00:00+00:00,40.0,-4.0,30.57,1010.2,6.94,161,1.159
2024-08-28 05:00:00+00:00,40.0,-4.0,32.1,1011.2,4.7,202,1.154
2024-08-28 06:00:00+00:00,40.0,-4.0,32.07,1010.8,5.09,191,1.154
2024-08-28 07:00:00+00:00,40.0,-4.0,32.34,1010.7,6.91,144,1.153
2024-08-28 08:00:00+00:00,40.0,-4.0,34.13,1009.8,3.47,208,1.145
2024-08-28 09:00:00+00:00,40.0,-4.0,36.18,1009.3,3.98,238,1.137
2024-08-28 10:00:00+00:00,40.0,-4.0,33.33,1011.9,6.24,210,1.15
2024-08-28 11:00:00+00:00,40.0,-4.0,34.38,1009.1,6.9,228,1.143
2024-08-28 12:00:00+00:00,40.0,-4.0,32.61,1009.3,6.3,192,1.15
2024-08-28 13:00:00+00:00,40.0,-4.0,33.63,1009.2,7.11,174,1.146
2024-08-28 14:00:00+00:00,40.0,-4.0,33.29,1010.4,7.82,201,1.149
2024-08-28 15:00:00+00:00,40.0,-4.0,30.18,1010.8,6.71,192,1.161
2024-08-28 16:00:00+00:00,40.0,-4.0,29.63,1011.5,4.94,173,1.164
2024-08-28 17:00:00+00:00,40.0,-4.0,29.9,1010.5,8.59,229,1.162
2024-08-28 18:00:00+00:00,40.0,-4.0,27.42,1009.1,8.04,209,1.17
2024-08-28 19:00:00+00:00,40.0,-4.0,25.35,1011.4,7.12,190,1.18
2024-08-28 20:00:00+00:00,40.0,-4.0,24.49,1012.2,4.73,214,1.185
2024-08-28 21:00:00+00:00,40.0,-4.0,23.36,1011.5,6.82,208,1.188
2024-08-28 22:00:00+00:00,40.0,-4.0,25.7,1011.5,3.36,229,1.179
2024-08-28 23:00:00+00:00,40.0,-4.0,24.5,1012.4,6.28,256,1.185
2024-08-29 00:00:00+00:00,40.0,-4.0,26.62,1013.4,3.29,204,1.178
2024-08-29 01:00:00+00:00,40.0,-4.0,27.24,1012.1,6.6,192,1.174
2024-08-29 02:00:00+00:00,40.0,-4.0,26.91,1011.0,8.91,259,1.174
2024-08-29 03:00:00+00:00,40.0,-4.0,28.23,1012.0,7.46,287,1.17
2024-08-29 04:00:00+00:00,40.0,-4.0,30.7,1012.6,9.83,214,1.161
2024-08-29 05:00:00+00:00,40.0,-4.0,31.43,1011.2,7.3,208,1.157
2024-08-29 06:00:00+00:00,40.0,-4.0,32.74,1013.9,7.26,203,1.155
2024-08-29 07:00:00+00:00,40.0,-4.0,32.05,1012.6,6.39,235,1.156
2024-08-29 08:00:00+00:00,40.0,-4.0,35.14,1014.0,7.31,239,1.146
2024-08-29 09:00:00+00:00,40.0,-4.0,34.04,1013.9,6.09,231,1.15
2024-08-29 10:00:00+00:00,40.0,-4.0,32.96,1013.5,7.55,259,1.153
2024-08-29 11:00:00+00:00,40.0,-4.0,34.27,1015.6,7.77,219,1.151
2024-08-29 12:00:00+00:00,40.0,-4.0,34.71,1013.6,5.54,224,1.147
2024-08-29 13:00:00+00:00,40.0,-4.0,35.42,1013.6,2.96,208,1.144
2024-08-29 14:00:00+00:00,40.0,-4.0,32.16,1014.7,5.21,273,1.158
2024-08-29 15:00:00+00:00,40.0,-4.0,30.1,1015.3,6.2,264,1.166
2024-08-29 16:00:00+00:00,40.0,-4.0,31.91,1014.6,5.02,269,1.159
2024-08-29 17:00:00+00:00,40.0,-4.0,28.85,1013.7,4.44,214,1.169
2024-08-29 18:00:00+00:00,40.0,-4.0,27.26,1015.5,5.46,267,1.178
2024-08-29 19:00:00+00:00,40.0,-4.0,25.5,1015.4,6.14,239,1.184
2024-08-29 20:00:00+00:00,40.0,-4.0,24.77,1017.0,0.42,247,1.189
2024-08-29 21:00:00+00:00,40.0,-4.0,26.5,1014.7,6.85,241,1.18
2024-08-29 22:00:00+00:00,40.0,-4.0,24.76,1015.2,5.98,216,1.187
2024-08-29 23:00:00+00:00,40.0,-4.0,24.69,1014.4,5.8,218,1.187
2024-08-30 00:00:00+00:00,40.0,-4.0,25.21,1013.5,4.49,181,1.183
2024-08-30 01:00:00+00:00,40.0,-4.0,27.88,1015.1,5.87,203,1.175
2024-08-30 02:00:00+00:00,40.0,-4.0,26.97,1015.8,6.6,209,1.179
2024-08-30 03:00:00+00:00,40.0,-4.0,29.27,1013.9,3.55,183,1.168
2024-08-30 04:00:00+00:00,40.0,-4.0,30.24,1014.2,6.93,212,1.165
2024-08-30 05:00:00+00:00,40.0,-4.0,31.51,1013.7,5.86,239,1.159
2024-08-30 06:00:00+00:00,40.0,-4.0,31.71,1016.1,7.83,193,1.161
2024-08-30 07:00:00+00:00,40.0,-4.0,34.13,1014.1,6.46,179,1.15
2024-08-30 08:00:00+00:00,40.0,-4.0,35.78,1015.2,4.94,181,1.145
2024-08-30 09:00:00+00:00,40.0,-4.0,34.78,1013.6,5.02,206,1.147
2024-08-30 10:00:00+00:00,40.0,-4.0,34.17,1014.5,5.61,244,1.15
2024-08-30 11:00:00+00:00,40.0,-4.0,33.67,1013.6,4.59,204,1.151
2024-08-30 12:00:00+00:00,40.0,-4.0,34.5,1011.8,4.95,201,1.146
2024-08-30 13:00:00+00:00,40.0,-4.0,33.29,1014.1,2.85,169,1.153
2024-08-30 14:00:00+00:00,40.0,-4.0,32.41,1014.4,1.91,208,1.157
2024-08-30 15:00:00+00:00,40.0,-4.0,31.3,1011.6,2.87,217,1.158
2024-08-30 16:00:00+00:00,40.0,-4.0,28.67,1013.3,1.6,192,1.17
2024-08-30 17:00:00+00:00,40.0,-4.0,29.41,1012.9,2.69,203,1.166
2024-08-30 18:00:00+00:00,40.0,-4.0,27.71,1012.1,4.58,189,1.172
2024-08-30 19:00:00+00:00,40.0,-4.0,26.4,1012.7,1.87,226,1.178
2024-08-30 20:00:00+00:00,40.0,-4.0,25.88,1010.8,2.8,243,1.178
2024-08-30 21:00:00+00:00,40.0,-4.0,26.0,1012.8,6.12,221,1.179
2024-08-30 22:00:00+00:00,40.0,-4.0,25.05,1013.6,4.62,227,1.184
2024-08-30 23:00:00+00:00,40.0,-4.0,24.41,1010.9,5.8,218,1.184
2024-08-31 00:00:00+00:00,40.0,-4.0,26.72,1011.9,4.34,203,1.176
2024-08-31 01:00:00+00:00,40.0,-4.0,26.07,1013.2,4.96,203,1.18
2024-08-31 02:00:00+00:00,40.0,-4.0,26.85,1011.7,6.35,215,1.175
2024-08-31 03:00:00+00:00,40.0,-4.0,27.3,1010.9,9.46,230,1.172
2024-08-31 04:00:00+00:00,40.0,-4.0,30.01,1010.3,7.8,229,1.161
2024-08-31 05:00:00+00:00,40.0,-4.0,30.35,1011.2,4.66,257,1.161
2024-08-31 06:00:00+00:00,40.0,-4.0,32.03,1010.7,7.8,252,1.154
2024-08-31 07:00:00+00:00,40.0,-4.0,33.94,1011.3,8.4,272,1.147
2024-08-31 08:00:00+00:00,40.0,-4.0,34.36,1009.0,7.87,256,1.143
2024-08-31 09:00:00+00:00,40.0,-4.0,35.74,1011.4,4.77,232,1.141
2024-08-31 10:00:00+00:00,40.0,-4.0,35.27,1009.8,6.26,241,1.141
2024-08-31 11:00:00+00:00,40.0,-4.0,34.47,1010.7,9.28,199,1.145
2024-08-31 12:00:00+00:00,40.0,-4.0,34.03,1009.2,4.46,281,1.145
2024-08-31 13:00:00+00:00,40.0,-4.0,33.08,1008.4,6.15,225,1.147
2024-08-31 14:00:00+00:00,40.0,-4.0,33.08,1009.1,4.36,229,1.148
2024-08-31 15:00:00+00:00,40.0,-4.0,31.31,1008.6,3.49,283,1.154
2024-08-31 16:00:00+00:00,40.0,-4.0,29.63,1009.0,4.73,210,1.161
2024-08-31 17:00:00+00:00,40.0,-4.0,29.47,1010.0,6.97,220,1.163
2024-08-31 18:00:00+00:00,40.0,-4.0,27.59,1010.3,7.29,232,1.17
2024-08-31 19:00:00+00:00,40.0,-4.0,26.05,1009.4,4.42,217,1.175
2024-08-31 20:00:00+00:00,40.0,-4.0,24.31,1008.6,5.27,232,1.181
2024-08-31 21:00:00+00:00,40.0,-4.0,25.56,1008.6,4.91,233,1.176
2024-08-31 22:00:00+00:00,40.0,-4.0,25.21,1009.6,3.41,241,1.179
2024-08-31 23:00:00+00:00,40.0,-4.0,25.22,1010.1,7.72,220,1.179
